top_k,cosine_min,top1_margin_min,entity_type,retained_entities,candidate_links,covered_topics,theme_trl_assigned,theme_crl_assigned,mapping_still_requires_semantic_review
1,0.0,0.0,case,122,122,94,0,0,True
1,0.0,0.0,direction,391,391,122,0,0,True
1,0.0,0.01,case,57,57,48,0,0,True
1,0.0,0.01,direction,106,106,63,0,0,True
1,0.0,0.02,case,35,35,29,0,0,True
1,0.0,0.02,direction,28,28,22,0,0,True
1,0.6,0.0,case,122,122,94,0,0,True
1,0.6,0.0,direction,389,389,121,0,0,True
1,0.6,0.01,case,57,57,48,0,0,True
1,0.6,0.01,direction,105,105,63,0,0,True
1,0.6,0.02,case,35,35,29,0,0,True
1,0.6,0.02,direction,27,27,22,0,0,True
1,0.65,0.0,case,120,120,92,0,0,True
1,0.65,0.0,direction,242,242,102,0,0,True
1,0.65,0.01,case,55,55,46,0,0,True
1,0.65,0.01,direction,80,80,54,0,0,True
1,0.65,0.02,case,34,34,28,0,0,True
1,0.65,0.02,direction,25,25,20,0,0,True
1,0.7,0.0,case,103,103,80,0,0,True
1,0.7,0.0,direction,18,18,16,0,0,True
1,0.7,0.01,case,50,50,42,0,0,True
1,0.7,0.01,direction,11,11,10,0,0,True
1,0.7,0.02,case,32,32,27,0,0,True
1,0.7,0.02,direction,6,6,6,0,0,True
1,0.75,0.0,case,49,49,41,0,0,True
1,0.75,0.0,direction,1,1,1,0,0,True
1,0.75,0.01,case,28,28,24,0,0,True
1,0.75,0.01,direction,1,1,1,0,0,True
1,0.75,0.02,case,18,18,15,0,0,True
1,0.75,0.02,direction,1,1,1,0,0,True
3,0.0,0.0,case,122,366,196,0,0,True
3,0.0,0.0,direction,391,1173,210,0,0,True
3,0.0,0.01,case,57,171,125,0,0,True
3,0.0,0.01,direction,106,318,137,0,0,True
3,0.0,0.02,case,35,105,82,0,0,True
3,0.0,0.02,direction,28,84,63,0,0,True
3,0.6,0.0,case,122,366,196,0,0,True
3,0.6,0.0,direction,389,1152,205,0,0,True
3,0.6,0.01,case,57,171,125,0,0,True
3,0.6,0.01,direction,105,308,134,0,0,True
3,0.6,0.02,case,35,105,82,0,0,True
3,0.6,0.02,direction,27,77,59,0,0,True
3,0.65,0.0,case,120,358,193,0,0,True
3,0.65,0.0,direction,242,594,165,0,0,True
3,0.65,0.01,case,55,164,121,0,0,True
3,0.65,0.01,direction,80,179,98,0,0,True
3,0.65,0.02,case,34,102,80,0,0,True
3,0.65,0.02,direction,25,58,45,0,0,True
3,0.7,0.0,case,103,279,167,0,0,True
3,0.7,0.0,direction,18,24,21,0,0,True
3,0.7,0.01,case,50,127,101,0,0,True
3,0.7,0.01,direction,11,13,12,0,0,True
3,0.7,0.02,case,32,76,63,0,0,True
3,0.7,0.02,direction,6,6,6,0,0,True
3,0.75,0.0,case,49,95,77,0,0,True
3,0.75,0.0,direction,1,1,1,0,0,True
3,0.75,0.01,case,28,49,44,0,0,True
3,0.75,0.01,direction,1,1,1,0,0,True
3,0.75,0.02,case,18,28,25,0,0,True
3,0.75,0.02,direction,1,1,1,0,0,True
